,Film,Oscar Year,Film Studio/Producer(s),Award,Film ID
0,Wings,1927/28,Famous Players-Lasky,Winner,2becf7d5-a3de-46ab-ae45-abdd6b588067
1,7th Heaven,1927/28,Fox,Nominee,19ed3295-a878-4fd2-8e60-5cd7b5f93dad
2,The Racket,1927/28,The Caddo Company,Nominee,3111c2d8-0908-4093-8ff3-99c89f2f2f08
3,The Broadway Melody,1928/29,Metro-Goldwyn-Mayer,Winner,de063f3f-2d35-4e1c-8636-6eb4c16bd236
4,Alibi,1928/29,Feature Productions,Nominee,609887c2-877c-43a4-b88c-e40e31096a98
5,Hollywood Revue,1928/29,Metro-Goldwyn-Mayer,Nominee,689f22d5-a700-4ce1-b9be-65652f32c186
6,In Old Arizona,1928/29,Fox,Nominee,a0644f19-a136-44c2-ab5d-50978ef19608
7,The Patriot,1928/29,Paramount Famous Lasky,Nominee,5d4ef7bd-2f81-47f3-9305-2c8fe140d4e4
8,All Quiet on the Western Front,1929/30,Universal,Winner,281742f9-3b4e-480d-b704-c8c15de6b721
9,The Big House,1929/30,Cosmopolitan,Nominee,297aa285-29d7-4a22-b833-c5632ab3e562
10,Disraeli,1929/30,Warner Bros.,Nominee,831f96b0-ebf5-4e09-b47c-d39817b86092
11,The Divorcee,1929/30,Metro-Goldwyn-Mayer,Nominee,71614648-8545-4f91-a15e-4991f0eb7f13
12,The Love Parade,1929/30,Paramount Famous Lasky,Nominee,0dbbedb5-b8f0-4f0a-9ff7-95e75e43eca7
13,Cimarron,1930/31,RKO Radio,Winner,db2683c0-128e-4b5c-858f-d9f18c2fb9b9
14,East Lynne,1930/31,Fox,Nominee,ed8c7dfc-97ab-4825-8bbc-74d31292acb4
15,The Front Page,1930/31,The Caddo Company,Nominee,c873d149-786b-413f-ba9d-9978040b5436
16,Skippy,1930/31,Paramount Publix,Nominee,0f7347c9-a0a5-430b-8f28-43d703c9c4c8
17,Trader Horn,1930/31,Metro-Goldwyn-Mayer,Nominee,bd308f8f-cb26-43a0-8b5b-f110934927e0
18,Grand Hotel,1931/32,Metro-Goldwyn-Mayer,Winner,be69f946-6adc-47e4-8491-79d6c033f59d
19,Arrowsmith,1931/32,Samuel Goldwyn Productions,Nominee,91572891-4303-45c2-967a-601b9fa8fe70
20,Bad Girl,1931/32,Fox,Nominee,e97f865a-8711-465a-88da-423b67c08738
21,The Champ,1931/32,Metro-Goldwyn-Mayer,Nominee,c8994348-093e-4e22-8ffe-6ad3332a2bab
22,Five Star Final,1931/32,First National,Nominee,9236968a-9ea9-473b-abe2-28ec8c141a8e
23,One Hour with You,1931/32,Paramount Publix,Nominee,2299e2df-e18d-41d7-b5b9-ec0041db956d
24,Shanghai Express,1931/32,Paramount Publix,Nominee,a6f9841d-533f-4360-9c6a-dbb3d26c8dd6
25,The Smiling Lieutenant,1931/32,Paramount Publix,Nominee,cbe0150a-db25-4d46-9d21-183802460465
26,Cavalcade,1932/33,Fox,Winner,e71a2212-92c3-4212-9eb2-d468f10c768e
27,42nd Street,1932/33,Warner Bros.,Nominee,1ad59370-1ed5-4d3a-a8c4-8571f95da168
28,A Farewell to Arms,1932/33,Paramount,Nominee,39ab1f95-f400-4cdc-be82-425015486234
29,I Am a Fugitive from a Chain Gang,1932/33,Warner Bros.,Nominee,e36dda02-b84a-4337-ad66-cfa30a5df599
30,Lady for a Day,1932/33,Columbia,Nominee,7dda746d-5569-4711-afa6-9b76b5e7fa4f
31,Little Women,1932/33,RKO Radio,Nominee,f6fa2e25-588d-414f-a59d-67b9eb033270
32,The Private Life of Henry VIII,1932/33,London Films,Nominee,625a769c-475b-4c27-8c25-01905fe4f583
33,She Done Him Wrong,1932/33,Paramount,Nominee,af3be976-1cee-4383-a6f1-50545a634ab5
34,Smilin' Through,1932/33,Metro-Goldwyn-Mayer,Nominee,cd94faa5-73a9-49d2-82ab-4fcafbde6dc8
35,State Fair,1932/33,Fox,Nominee,01707372-d948-43ef-91ed-f57945a48ed4
36,It Happened One Night,1934,Columbia,Winner,88fe2d2b-3e07-4c9f-9978-388b4f7b0c93
37,The Barretts of Wimpole Street,1934,Metro-Goldwyn-Mayer,Nominee,d66f2e6e-b9a6-4f20-972b-315f3998b5a4
38,Cleopatra,1934,Paramount,Nominee,30a8cacf-0902-4d8c-9c02-934c09e284a6
39,Flirtation Walk,1934,First National,Nominee,97e60fc4-5f01-412e-b350-075f1c78939f
40,The Gay Divorcee,1934,RKO Radio,Nominee,4cff46f4-7853-40a0-9b52-39643b2d257a
41,Here Comes the Navy,1934,Warner Bros.,Nominee,becfca3d-e679-46b3-a592-a13fcef61f5a
42,The House of Rothschild,1934,20th Century,Nominee,a1f33617-6fce-4106-bcd4-4e5b540175e2
43,Imitation of Life,1934,Universal,Nominee,ec7b23f4-2394-4739-adaa-6dbeb10b0b28
44,One Night of Love,1934,Columbia,Nominee,ff621866-7c96-4eb3-855c-0c10be8340ce
45,The Thin Man,1934,Metro-Goldwyn-Mayer,Nominee,3ae65a34-8ae8-42c5-9404-06faa25b3cb0
46,Viva Villa!,1934,Metro-Goldwyn-Mayer,Nominee,3ca53584-968b-4ef8-9a29-408223864bc9
47,The White Parade,1934,Jesse L. Lasky (production company),Nominee,8d241c99-a9e3-4371-8011-949b36ca7f47
48,Mutiny on the Bounty,1935,Metro-Goldwyn-Mayer,Winner,3cea2927-f5a4-4ffb-9e17-88566f2cd111
49,Alice Adams,1935,RKO Radio,Nominee,73d8b0a6-dc25-48c0-aa51-e73990fc02d2
50,Broadway Melody of 1936,1935,Metro-Goldwyn-Mayer,Nominee,11f40e01-e1d5-4f74-ae72-230823543e37
51,Captain Blood,1935,Cosmopolitan,Nominee,106183d2-50d3-4d50-8ead-6ed52a93f7c6
52,David Copperfield,1935,Metro-Goldwyn-Mayer,Nominee,303fd7b4-de82-4d82-a79f-857b45dda877
53,The Informer,1935,RKO Radio,Nominee,98c15d3b-d3c6-4af3-b717-12d446154f5d
54,The Lives of a Bengal Lancer,1935,Paramount,Nominee,f6953c25-25ea-41d3-807c-ef4fdfed54cd
55,A Midsummer Night's Dream,1935,Warner Bros.,Nominee,dee5c6d4-6438-4110-b72a-a49322b52070
56,Les Misérables,1935,20th Century,Nominee,521b9bf2-426b-49a1-aeb3-d228db8a970c
57,Naughty Marietta,1935,Metro-Goldwyn-Mayer,Nominee,adde70ec-0094-4ce0-91ff-6b9ab12387fd
58,Ruggles of Red Gap,1935,Paramount,Nominee,f4c74985-f2ec-45db-b8aa-444087ad34d4
59,Top Hat,1935,RKO Radio,Nominee,c7ea701f-f0be-4108-b734-14412b70d3b2
60,The Great Ziegfeld,1936,Metro-Goldwyn-Mayer,Winner,321ede7b-fac6-4259-b070-b403b3404042
61,Anthony Adverse,1936,Warner Bros.,Nominee,339e98eb-684b-4a4e-a67c-9a3ffb5f0de9
62,Dodsworth,1936,Samuel Goldwyn Productions,Nominee,693ad8e8-f9cf-4c4d-b332-18026348de67
63,Libeled Lady,1936,Metro-Goldwyn-Mayer,Nominee,c41fc4b0-1b68-49d4-a45e-02699fbb9ec1
64,Mr. Deeds Goes to Town,1936,Columbia,Nominee,9a189d11-e4f6-4b2b-9762-702806ce4a85
65,Romeo and Juliet,1936,Metro-Goldwyn-Mayer,Nominee,1b04f1e8-f46b-403f-a5df-89ebebb52e4a
66,San Francisco,1936,Metro-Goldwyn-Mayer,Nominee,d9c9ba4b-4fcd-4253-ba8b-8a80ea852fb9
67,The Story of Louis Pasteur,1936,Cosmopolitan,Nominee,40acf99f-bc62-45ee-a766-0297530113d1
68,A Tale of Two Cities,1936,Metro-Goldwyn-Mayer,Nominee,da9c58f7-84b6-4d02-a66a-b5b19d3eea7f
69,Three Smart Girls,1936,Universal,Nominee,8866b966-f0a8-4881-88f6-ac7c24e9e1e5
70,The Life of Emile Zola,1937,Warner Bros.,Winner,0538990c-5cfe-4b21-b733-386740e5cbd6
71,The Awful Truth,1937,Columbia,Nominee,fe542b19-4de9-465d-8b97-19ff88872e56
72,Captains Courageous,1937,Metro-Goldwyn-Mayer,Nominee,bb80b913-a013-4ff1-8c07-7e0ff28c4557
73,Dead End,1937,Samuel Goldwyn Productions,Nominee,5df24f1d-57f8-4d1d-a15d-df07ea5715b1
74,The Good Earth,1937,Metro-Goldwyn-Mayer,Nominee,6d9e1900-6589-43ae-b80f-863d03cbbdaa
75,In Old Chicago,1937,20th Century-Fox,Nominee,1957aeb5-48c9-423c-8a3d-1f918ba388d2
76,Lost Horizon,1937,Columbia,Nominee,20f2a079-71bd-4c1c-aff7-46237962b8cb
77,One Hundred Men and a Girl,1937,Universal,Nominee,c3d7ac23-64c7-48e5-8aba-c2af3f5b23eb
78,Stage Door,1937,RKO Radio,Nominee,5a739df8-434b-46e9-82c0-9b8f71c9c946
79,A Star Is Born,1937,Selznick International Pictures,Nominee,ea80da77-0642-48c5-a2eb-1d03fb856d2f
80,You Can't Take It with You,1938,Columbia,Winner,7530ae81-5165-4431-8a05-5e3a75811021
81,The Adventures of Robin Hood,1938,Warner Bros.-First National,Nominee,bec32b70-fccd-4f50-b68d-88cca2d2fc7b
82,Alexander's Ragtime Band,1938,20th Century-Fox,Nominee,a380741f-f2ba-415d-a5b5-f81f826f93a7
83,Boys Town,1938,Metro-Goldwyn-Mayer,Nominee,ebce9bc4-4abc-4b48-929f-30a29b1edd7d
84,The Citadel,1938,Metro-Goldwyn-Mayer,Nominee,84a31ac1-04d7-4810-af0a-b639d529f159
85,Four Daughters,1938,Warner Bros.-First National,Nominee,bf7bd76e-f5f7-4a5a-a24e-6ce226a605e9
86,Grand Illusion,1938,Realization D'Art Cinematographique,Nominee,121b4de3-2e42-45eb-a8cc-f4496df79d8a
87,Jezebel,1938,Warner Bros.,Nominee,70ed2948-fca0-42ab-8421-51bc760a62d4
88,Pygmalion,1938,Metro-Goldwyn-Mayer,Nominee,31a7d601-261c-478d-969c-5f64d33d531d
89,Test Pilot,1938,Metro-Goldwyn-Mayer,Nominee,ce4b4264-affe-4e48-9d0b-49b6532449b2
90,Gone with the Wind,1939,Selznick International Pictures,Winner,bcad3809-e6ad-471a-8e05-1035efaaaaf4
91,Dark Victory,1939,Warner Bros.-First National,Nominee,ae377884-4d60-47f5-893a-1d2577eb6405
92,"Goodbye, Mr. Chips",1939,Metro-Goldwyn-Mayer,Nominee,72360bec-f930-4772-beac-21bee3e92055
93,Love Affair,1939,RKO Radio,Nominee,c04357fe-39cc-414f-b871-94be98bc38ed
94,Mr. Smith Goes to Washington,1939,Columbia,Nominee,38d9b2bf-23d2-4827-8bfa-336ba0dbf1c3
95,Ninotchka,1939,Metro-Goldwyn-Mayer,Nominee,62d27610-e080-4569-9260-c7883e13adbc
96,Of Mice and Men,1939,Hal Roach (production company),Nominee,45488a28-fbf5-4264-944a-d0daa7030486
97,Stagecoach,1939,Walter Wanger (production company),Nominee,48e19755-7fc6-48d3-af96-7024e9f688ef
98,The Wizard of Oz,1939,Metro-Goldwyn-Mayer,Nominee,736cefc8-1a8f-4249-943d-7dce78308ddf
99,Wuthering Heights,1939,Samuel Goldwyn Productions,Nominee,961860de-899b-4c9a-85ba-d5fb0359cbfb
100,Rebecca,1940,Selznick International Pictures,Winner,e39af7f6-07a0-44e2-ad07-3924634c0aea
101,"All This, and Heaven Too",1940,Warner Bros.,Nominee,83619bb1-3c1d-4e3b-bf20-98f9dca469f3
102,Foreign Correspondent,1940,Walter Wanger (production company),Nominee,d0f8a19e-333c-4dde-aedc-5a15d1df26e0
103,The Grapes of Wrath,1940,20th Century-Fox,Nominee,1709969c-4b54-4c2b-a3ef-384c9a800499
104,The Great Dictator,1940,Charles Chaplin Productions,Nominee,0abfd0f9-e6e1-4472-8b47-c36c4d34b76e
105,Kitty Foyle,1940,RKO Radio,Nominee,31371633-b7be-4548-a770-c594d52adc1b
106,The Letter,1940,Warner Bros.,Nominee,a70ff35f-ffc2-4081-8af5-e21d50f21adb
107,The Long Voyage Home,1940,Argosy-Wanger,Nominee,a7c8d95f-898d-40c0-9880-be1174375e08
108,Our Town,1940,Sol Lesser (production company),Nominee,094d9387-875a-4973-b6e4-fed1231ae253
109,The Philadelphia Story,1940,Metro-Goldwyn-Mayer,Nominee,c75809c1-8391-4a67-924b-4a5dfcfdaef0
110,How Green Was My Valley,1941,20th Century-Fox,Winner,86576fae-02a5-4f78-afe5-908908310def
111,Blossoms in the Dust,1941,Metro-Goldwyn-Mayer,Nominee,75142b0a-bc65-40aa-82b6-716395a2946d
112,Citizen Kane,1941,Mercury,Nominee,765e5aea-e5af-4695-9be2-f3ef765b8012
113,Here Comes Mr. Jordan,1941,Columbia,Nominee,0da3472b-30f2-499d-9418-6af8d76d2028
114,Hold Back the Dawn,1941,Paramount,Nominee,0c375c45-09a9-464e-bc4e-15a1df41ba11
115,The Little Foxes,1941,Samuel Goldwyn Productions,Nominee,4fd7b78f-8984-4220-a075-b30022fde49f
116,The Maltese Falcon,1941,Warner Bros.,Nominee,86d1ae85-1bda-4459-912d-d21a430496b9
117,One Foot in Heaven,1941,Warner Bros.,Nominee,ea25fe87-1c55-4e28-bd3f-4bef5da7419e
118,Sergeant York,1941,Warner Bros.,Nominee,4c463067-6325-43eb-8f11-e17695722ca9
119,Suspicion,1941,RKO Radio,Nominee,d7422da7-0391-4b9e-a1e6-99a169b7d9fe
120,Mrs. Miniver,1942,Metro-Goldwyn-Mayer,Winner,697603ab-2be4-4a8c-88be-b96bdfe299cf
121,49th Parallel,1942,Ortus,Nominee,6f05b0c0-cc9e-4f2f-b208-0aec3b17c727
122,Kings Row,1942,Warner Bros.,Nominee,c19bbf1c-15de-4eba-9ae4-c491063a83fe
123,The Magnificent Ambersons,1942,Mercury,Nominee,36febb3c-b95a-4830-a4a4-8e2ec057cbd2
124,The Pied Piper,1942,20th Century-Fox,Nominee,91e29b8b-715b-4755-a0f1-ee5098a0cdf3
125,The Pride of the Yankees,1942,Samuel Goldwyn Productions,Nominee,13aebc37-5ad5-45fc-888f-8acedb312621
126,Random Harvest,1942,Metro-Goldwyn-Mayer,Nominee,9a4e6934-a118-4962-9a79-0bf4950f1b65
127,The Talk of the Town,1942,Columbia,Nominee,d960aa81-38e9-466c-8b15-96ba859fcc80
128,Wake Island,1942,Paramount,Nominee,c7d20743-838e-46e9-bed1-449681a16609
129,Yankee Doodle Dandy,1942,Warner Bros.,Nominee,06f78a82-6916-485b-9753-a1ba18a4a938
130,Casablanca,1943,Warner Bros.,Winner,5450540a-1dec-4572-8752-75c5ae55cf7d
131,For Whom the Bell Tolls,1943,Paramount,Nominee,f8981628-2933-42ec-a21b-e9c31164979b
132,Heaven Can Wait,1943,20th Century-Fox,Nominee,7694bb35-bd99-4b9f-8616-e3c1c0462484
133,The Human Comedy,1943,Metro-Goldwyn-Mayer,Nominee,e85d6ec9-cb6f-4daa-bf6d-876b7104b675
134,In Which We Serve,1943,Two Cities Films,Nominee,af643708-8af7-43c3-9aeb-26be972a6288
135,Madame Curie,1943,Metro-Goldwyn-Mayer,Nominee,a9dc092c-409a-4d55-a169-b514b7784136
136,The More the Merrier,1943,Columbia,Nominee,c8d03653-289f-422c-a385-fb2097fd2996
137,The Ox-Bow Incident,1943,20th Century-Fox,Nominee,5577eaba-960d-452f-a3f3-6a1bc66070a0
138,The Song of Bernadette,1943,20th Century-Fox,Nominee,7b8c91d7-b87f-4871-ad87-dec95f2fd0da
139,Watch on the Rhine,1943,Warner Bros.,Nominee,1a4e8a94-150d-484a-8b25-959ab5dfc42e
140,Going My Way,1944,Paramount,Winner,e8c09304-ad53-4c4d-9d08-72b059d37892
141,Double Indemnity,1944,Paramount,Nominee,c08eaccc-190e-4e88-bb31-e2a9ddf6f09c
142,Gaslight,1944,Metro-Goldwyn-Mayer,Nominee,bd1cbfe3-80d9-4c20-81ee-1fcccdd3b2a4
143,Since You Went Away,1944,Selznick International Pictures,Nominee,8eee9309-2368-44a0-b135-e1d857b03f3a
144,Wilson,1944,20th Century-Fox,Nominee,2591f82c-c979-47ab-9974-750661ef6a59
145,The Lost Weekend,1945,Paramount,Winner,0b7a2648-33c4-4eed-b40d-86b581f69c9c
146,Anchors Aweigh,1945,Metro-Goldwyn-Mayer,Nominee,a9713f3b-472e-4338-bd59-6021b65a9c75
147,The Bells of St. Mary's,1945,Rainbow Productions,Nominee,f155c808-5944-457e-a02a-a21df320706a
148,Mildred Pierce,1945,Warner Bros.,Nominee,6f3cf796-6ae0-4219-84c8-211dd3ec205d
149,Spellbound,1945,Selznick International Pictures,Nominee,e285e8cf-d49c-48b8-b75f-20dcb3d82804
150,The Best Years of Our Lives,1946,Samuel Goldwyn Productions,Winner,0d07ce49-6844-4370-b4d7-10d9f02565ba
151,Henry V,1946,Two Cities Films,Nominee,8be23af2-d367-4e60-aae1-77505db9de19
152,It's a Wonderful Life,1946,Liberty Films,Nominee,d17331c1-4d16-4d92-8718-629629129d7c
153,The Razor's Edge,1946,20th Century-Fox,Nominee,3328143b-a27d-4cfc-b6d8-44086e698a9e
154,The Yearling,1946,Metro-Goldwyn-Mayer,Nominee,c7fac549-3837-42a5-b768-9312e6104ee9
155,Gentleman's Agreement,1947,20th Century-Fox,Winner,2de2c926-1509-4aca-bb49-6a2514c7ec7a
156,The Bishop's Wife,1947,Samuel Goldwyn Productions,Nominee,785f3b90-b888-4e90-9c85-5f7029845027
157,Crossfire,1947,RKO Radio,Nominee,17e1d9b6-6666-4a83-a898-c1a2472f3cf2
158,Great Expectations,1947,J. Arthur Rank-Cineguild,Nominee,17b7b449-345b-4d36-8d67-65597db9d27f
159,Miracle on 34th Street,1947,20th Century-Fox,Nominee,ef10f104-3bb4-4576-be62-49bd89ffa349
160,Hamlet,1948,J. Arthur Rank-Two Cities Films,Winner,443109e2-d3c6-4b1d-9bec-3c732801d861
161,Johnny Belinda,1948,Warner Bros.,Nominee,45588422-6266-430e-b2e1-292fbf12e238
162,The Red Shoes,1948,J. Arthur Rank-Archers,Nominee,75ddd507-9137-452e-b08c-89cbb2297bd8
163,The Snake Pit,1948,20th Century-Fox,Nominee,894290ac-2b55-458e-b4b6-c5978fc487c7
164,The Treasure of the Sierra Madre,1948,Warner Bros.,Nominee,76320732-9fe8-40c8-9532-bf16a4b45483
165,All the King's Men,1949,Columbia,Winner,80c1f8b9-36f0-4648-9103-1a27b4b15d6f
166,Battleground,1949,Metro-Goldwyn-Mayer,Nominee,8e1fd126-bcd3-4f20-bfa7-54bcc056dfe8
167,The Heiress,1949,Paramount,Nominee,27cd281b-e5bd-4b05-9634-8557891a9593
168,A Letter to Three Wives,1949,20th Century-Fox,Nominee,2c905a08-03f0-45e6-91e7-a9c9bc17826d
169,Twelve O'Clock High,1949,20th Century-Fox,Nominee,1a47efdd-746d-4c28-bd9f-15d2553c73ae
170,All About Eve,1950,20th Century-Fox,Winner,95920d24-3ce7-41e7-bf13-35f70fa38da1
171,Born Yesterday,1950,Columbia,Nominee,7e8fd405-833d-4bba-821c-88f3601017a2
172,Father of the Bride,1950,Metro-Goldwyn-Mayer,Nominee,f83ea7fe-8013-4f13-bda4-4458c4d177e1
173,King Solomon's Mines,1950,Metro-Goldwyn-Mayer,Nominee,da749acb-0277-4941-93b2-54dda27d75fb
174,Sunset Boulevard,1950,Paramount,Nominee,ed6d6f9d-2b4e-495e-bdfc-4b3c4f96ee5a
175,An American in Paris,1951,Arthur Freed,Winner,11fe2b71-cbc2-446f-a3d6-2c5b75ca4dd3
176,Decision Before Dawn,1951,Anatole Litvak and Frank McCarthy,Nominee,1d36e03f-db5b-44e6-8cba-9c914bcb72f0
177,A Place in the Sun,1951,George Stevens,Nominee,4ca1818a-9d22-4a5e-884e-4f892a2232ed
178,Quo Vadis,1951,Sam Zimbalist,Nominee,493704e4-edf5-493c-ba97-ff530fe7332f
179,A Streetcar Named Desire,1951,Charles K. Feldman,Nominee,2c848e08-0362-4305-b9c6-b52b3210b998
180,The Greatest Show on Earth,1952,Cecil B. DeMille,Winner,cc4a95ef-5ae4-4c0a-8ccb-086764ef8c36
181,High Noon,1952,Stanley Kramer,Nominee,839c34d7-1b03-447d-b883-d03e35bd12c5
182,Ivanhoe,1952,Pandro S. Berman,Nominee,0726de1a-97f7-4d02-8ebf-ede53d66faf7
183,Moulin Rouge,1952,"John Huston, John Woolf and James Woolf",Nominee,ba1a50b8-ecb8-4626-b122-a29205c20a4f
184,The Quiet Man,1952,John Ford and Merian C. Cooper,Nominee,6e88383e-fac9-4946-a4fc-f4d0a9647c07
185,From Here to Eternity,1953,Buddy Adler,Winner,4053e1d8-c821-4247-a020-baca7eaef18d
186,Julius Caesar,1953,John Houseman,Nominee,c809744c-13bb-4ded-b500-91b644ee825f
187,The Robe,1953,Frank Ross,Nominee,2ee37736-fd84-4b57-a9c9-df11a9e70329
188,Roman Holiday,1953,William Wyler,Nominee,b732f88f-79d4-43c3-b355-02f7898d908f
189,Shane,1953,George Stevens,Nominee,32b9e439-a62e-4fbc-b103-dd8cbbd34f5e
190,On the Waterfront,1954,Sam Spiegel,Winner,6e80353a-6ace-497d-9c6c-1756457a6dc8
191,The Caine Mutiny,1954,Stanley Kramer,Nominee,6eae2bc6-40f4-44f8-85c6-a11f363726cf
192,The Country Girl,1954,William Perlberg,Nominee,27b1c21b-9ec8-4270-84a1-ff91400e2b2e
193,Seven Brides for Seven Brothers,1954,Jack Cummings,Nominee,96a4a3d6-e8dd-40cb-a54c-b5dbcbfc5e32
194,Three Coins in the Fountain,1954,Sol C. Siegel,Nominee,2ebbefba-fb33-47ed-97bb-2b22c85606db
195,Marty,1955,Harold Hecht,Winner,0e335b5a-ed13-4c51-8028-d489d57a1e75
196,Love Is a Many-Splendored Thing,1955,Buddy Adler,Nominee,2bd69ac3-6b2e-4132-b1b0-0f073a1c75e9
197,Mister Roberts,1955,Leland Hayward,Nominee,eab1a500-de95-4cf8-a44e-314760de571d
198,Picnic,1955,Fred Kohlmar,Nominee,d9576b2a-0b16-4c95-b574-4ea6cd782260
199,The Rose Tattoo,1955,Hal B. Wallis,Nominee,a74c209a-4f5f-4f90-aaec-6c77b62b3ed3
200,Around the World in 80 Days,1956,Michael Todd,Winner,a0ddcb59-a173-4ffb-9139-3a1a71d006aa
201,Friendly Persuasion,1956,William Wyler,Nominee,bde43e69-9c9b-4b7b-a438-f5aa9dcb8808
202,Giant,1956,George Stevens and Henry Ginsberg,Nominee,c77c1d53-c9ea-400d-ad82-7e740e7f1e29
203,The King and I,1956,Charles Brackett,Nominee,05914cd6-60ae-4836-bdc7-1e6ec4b1eb8c
204,The Ten Commandments,1956,Cecil B. DeMille,Nominee,7f920258-daa7-4df8-84f1-2f41ddb99b9d
205,The Bridge on the River Kwai,1957,Sam Spiegel,Winner,fc627090-b4c0-418b-8437-94b0f41d9bba
206,12 Angry Men,1957,Henry Fonda and Reginald Rose,Nominee,4b3c9249-b991-4a5a-b35d-bf98e217e2bf
207,Peyton Place,1957,Jerry Wald,Nominee,548cd53c-e455-4fe0-b10b-64d59cadc17b
208,Sayonara,1957,William Goetz,Nominee,76b1d406-1398-4917-9007-23484d207a8d
209,Witness for the Prosecution,1957,Arthur Hornblow Jr.,Nominee,db810dc3-c8f5-40be-b525-a77898135ad4
210,Gigi,1958,Arthur Freed,Winner,7d5a1db5-c60e-458c-9f9e-4ce599f4118a
211,Auntie Mame,1958,Jack L. Warner,Nominee,ed3ebe9b-ba2b-4a93-bd71-369b04396fab
212,Cat on a Hot Tin Roof,1958,Lawrence Weingarten,Nominee,466621aa-287c-4316-9083-74a5fc72a4f6
213,The Defiant Ones,1958,Stanley Kramer,Nominee,45435847-81e6-44f8-891d-59ac0e5bb985
214,Separate Tables,1958,Harold Hecht,Nominee,a19cbb5a-db41-4119-a8ed-c805948873a8
215,Ben-Hur,1959,Sam Zimbalist,Winner,0bb257f6-e9ee-4afd-b8f0-69c2ea1167ae
216,Anatomy of a Murder,1959,Otto Preminger,Nominee,326c4a14-173e-40e2-a943-bc8e7f61128c
217,The Diary of Anne Frank,1959,George Stevens,Nominee,77f80298-293e-4bd3-a071-394c8136600d
218,The Nun's Story,1959,Henry Blanke,Nominee,acc60dd6-f542-493e-9900-2174bd8cf1b2
219,Room at the Top,1959,John Woolf and James Woolf,Nominee,53007b62-3d97-4d58-b381-10747520cb22
220,The Apartment,1960,Billy Wilder,Winner,bec485c9-8736-4ec5-8275-478478dc1d20
221,The Alamo,1960,John Wayne,Nominee,547529c6-55ca-4007-be9d-d064b271c15e
222,Elmer Gantry,1960,Bernard Smith,Nominee,06cb872f-b533-437b-a0ce-89cd08b8c6f6
223,Sons and Lovers,1960,Jerry Wald,Nominee,2f559ba8-3cce-4cdd-a404-fa99f01eb249
224,The Sundowners,1960,Fred Zinnemann,Nominee,f7881b5a-0ca8-44df-aef1-7428f3a703e0
225,West Side Story,1961,Robert Wise,Winner,ef8f5e5d-f603-44ab-b358-091f26b0da7b
226,Fanny,1961,Joshua Logan,Nominee,c25b2d36-9391-4279-8a8f-edc0e68d3a41
227,The Guns of Navarone,1961,Carl Foreman,Nominee,ea4834bd-a58a-44a0-b796-7e54e3422e90
228,The Hustler,1961,Robert Rossen,Nominee,0d5ee029-1350-4625-b906-afc878129ecf
229,Judgment at Nuremberg,1961,Stanley Kramer,Nominee,4de772d6-c839-490e-9e4a-365b48c6570a
230,Lawrence of Arabia,1962,Sam Spiegel,Winner,77641adf-a5dc-4475-9e3b-dd61c4e32951
231,The Longest Day,1962,Darryl F. Zanuck,Nominee,4f1a7a69-6434-477c-9124-2341c633a8a8
232,The Music Man,1962,Morton DaCosta,Nominee,1a4cbf83-c2d2-4bad-91c5-83aaac03ed16
233,Mutiny on the Bounty,1962,Aaron Rosenberg,Winner,8d5317bd-df12-4f24-b34d-e5047ef4665e
234,To Kill a Mockingbird,1962,Alan J. Pakula,Nominee,63ebac97-3aa2-4dd3-8d53-3e8476873668
235,Tom Jones,1963,Tony Richardson,Winner,e96a144c-3f01-4f2f-a3ee-fc54bcd81df9
236,America America,1963,Elia Kazan,Nominee,7b22a71b-6b22-4b6c-a7ee-4f3a9bc6a3f6
237,Cleopatra,1963,Walter Wanger,Nominee,47a31f2d-67c9-4aa1-a336-6f30e4dc6c57
238,How the West Was Won,1963,Bernard Smith,Nominee,418250a9-d63e-41d1-8e48-8a5190ab57f1
239,Lilies of the Field,1963,Ralph Nelson,Nominee,cec49f67-0474-42fe-bb36-d75224995e60
240,My Fair Lady,1964,Jack L. Warner,Winner,c3a074a7-658b-4a79-a049-eb30cdf3de0e
241,Becket,1964,Hal B. Wallis,Nominee,5a35a08e-eafc-46f1-add2-8413867d1bcb
242,Dr. Strangelove or: How I Learned to Stop Worrying and Love the Bomb,1964,Stanley Kubrick,Nominee,cd6d6c18-61aa-4e9a-bdec-0dcb2d749dde
243,Mary Poppins,1964,Walt Disney and Bill Walsh,Nominee,ef2ab197-e570-481a-8a5c-ecc33bbc59ce
244,Zorba the Greek,1964,Michael Cacoyannis,Nominee,91ff3fae-0b8f-495f-bcad-355504e26ba5
245,The Sound of Music,1965,Robert Wise,Winner,457971a1-ae06-42ce-9ddd-17e9be9b32af
246,Darling,1965,Joseph Janni,Nominee,39e6d744-7f92-4cbf-9300-55a43bf7a5e3
247,Doctor Zhivago,1965,Carlo Ponti,Nominee,cb1ae708-873b-4b2e-b0ea-57967782d566
248,Ship of Fools,1965,Stanley Kramer,Nominee,85e8bfd9-99a2-40a6-b331-a333fa851c36
249,A Thousand Clowns,1965,Fred Coe,Nominee,18894f37-9638-447a-970c-11024860541f
250,A Man for All Seasons,1966,Fred Zinnemann,Winner,d9e00e8e-315d-4507-9eb2-bf89bde7779a
251,Alfie,1966,Lewis Gilbert,Nominee,cb3bba47-5662-4b6d-b6fe-fab2b97102ac
252,"The Russians Are Coming, the Russians Are Coming",1966,Norman Jewison,Nominee,c73f5f10-891e-4204-b848-e5a9e422ad9f
253,The Sand Pebbles,1966,Robert Wise,Nominee,dc277c9f-c5fd-46fa-8b70-25dadbc444cb
254,Who's Afraid of Virginia Woolf?,1966,Ernest Lehman,Nominee,34a129cf-eb80-461b-a6da-c8f46df67c60
255,In the Heat of the Night,1967,Walter Mirisch,Winner,467a1595-1c69-442d-ab43-92f68b932ddc
256,Bonnie and Clyde,1967,Warren Beatty,Nominee,88b6470e-a145-47f2-b74a-3ba3266f2e4f
257,Doctor Dolittle,1967,Arthur P. Jacobs,Nominee,0d5b2439-d817-4a04-ada3-446556084561
258,The Graduate,1967,Lawrence Turman,Nominee,da0bc2bf-7a48-44b7-be73-8e61624bc7b1
259,Guess Who's Coming to Dinner,1967,Stanley Kramer,Nominee,2c26535d-eada-47be-8af1-75bbe5eeed78
260,Oliver!,1968,John Woolf,Winner,bc77f25e-71fa-4563-be5d-47648fe69070
261,Funny Girl,1968,Ray Stark,Nominee,83010621-a7cc-4e5e-b770-7bdb7c643cd2
262,The Lion in Winter,1968,Martin Poll,Nominee,15a28039-7a34-4e2d-89ea-ff8d61b669ff
263,"Rachel, Rachel",1968,Paul Newman,Nominee,55fcf55d-06e6-4b54-8133-aca96742158c
264,Romeo and Juliet,1968,Anthony Havelock-Allan and John Brabourne,Nominee,b89ed64f-55e8-4c3e-80ee-e7ba748531ab
265,Midnight Cowboy,1969,Jerome Hellman,Winner,bc91f715-a16b-4de7-8aa5-7b0b2f875bdb
266,Anne of the Thousand Days,1969,Hal B. Wallis,Nominee,56358a21-e826-4674-a4b5-aefbf11395a0
267,Butch Cassidy and the Sundance Kid,1969,John Foreman,Nominee,174d890a-717f-4f2d-bff6-03b91ede8466
268,"Hello, Dolly!",1969,Ernest Lehman,Nominee,204c5d1d-ac8b-41fe-ba95-77c323121c43
269,Z,1969,Jacques Perrin and Ahmed Rachedi,Nominee,65fd73b8-d854-42fb-97eb-2ed7866c831d
270,Patton,1970,Frank McCarthy,Winner,542831fe-9ee4-4997-badb-98cabd43c3d2
271,Airport,1970,Ross Hunter,Nominee,5bbfb550-a96e-49a4-90fc-a8351617e709
272,Five Easy Pieces,1970,Bob Rafelson and Richard Wechsler,Nominee,0d283411-d75d-413e-b31c-ece555cf661f
273,Love Story,1970,Howard G. Minsky,Nominee,0a7e8fe6-3614-4599-bdf3-1bc14f161ffa
274,M*A*S*H,1970,Ingo Preminger,Nominee,f65882a5-46f8-42f7-9302-bfc76fd0989d
275,The French Connection,1971,Philip D'Antoni,Winner,02e62c41-fdb4-401f-a2a5-615fec952f9e
276,A Clockwork Orange,1971,Stanley Kubrick,Nominee,b19db2e9-f854-4631-99b6-9c4ab7d08077
277,Fiddler on the Roof,1971,Norman Jewison,Nominee,adaf460e-b6f6-4acf-9419-b396d719a400
278,The Last Picture Show,1971,Stephen J. Friedman,Nominee,c4c3d7c5-c66c-4148-b205-812f47fc9c4f
279,Nicholas and Alexandra,1971,Sam Spiegel,Nominee,85261a3e-21e0-4862-9850-5cef43307bc0
280,The Godfather,1972,Albert S. Ruddy,Winner,fa8d4d3c-41e1-488f-a30d-715a0ff09764
281,Cabaret,1972,Cy Feuer,Nominee,e353fab3-80df-4ebd-afcd-93f70b158537
282,Deliverance,1972,John Boorman,Nominee,5ab0fdff-d86a-4320-822c-33d1184f43e6
283,The Emigrants,1972,Bengt Forslund,Nominee,ec2ca519-2209-40f8-b5e0-d1776bf1b140
284,Sounder,1972,Robert B. Radnitz,Nominee,6e7ed550-a733-4030-a8e4-2aaf59a245dd
285,The Sting,1973,"Tony Bill, Michael Phillips, and Julia Phillips",Winner,bb6ef738-b9e4-49a2-b8fb-ab2429add488
286,American Graffiti,1973,Francis Ford Coppola and Gary Kurtz,Nominee,a2b35269-b14a-4126-a4bc-0530348b2457
287,Cries and Whispers,1973,Ingmar Bergman,Nominee,1f294125-03d2-4cca-b9b0-b767bdb0b816
288,The Exorcist,1973,William Peter Blatty,Nominee,0cb63313-b7e2-49db-8bf9-17e72d61183e
289,A Touch of Class,1973,Melvin Frank,Nominee,db331a83-f319-4566-99a6-3c1d77937cf9
290,The Godfather Part II,1974,"Francis Ford Coppola, Gray Frederickson, and Fred Roos",Winner,a29ebc75-3d9a-441f-966c-7b53a3478a71
291,Chinatown,1974,Robert Evans,Nominee,fc910341-bca7-4172-abff-116ca3e6d80e
292,The Conversation,1974,Francis Ford Coppola,Nominee,51f09950-d054-4bed-b422-cde53c0ad5d3
293,Lenny,1974,Marvin Worth,Nominee,4a3d4e06-2109-4585-a4c1-53f25ae82ea3
294,The Towering Inferno,1974,Irwin Allen,Nominee,7fb8aa38-464b-4846-85e0-e7e6cb0caaf8
295,One Flew Over the Cuckoo's Nest,1975,Michael Douglas and Saul Zaentz,Winner,93bd4453-5aa2-48b8-b2a6-c3f564fda13c
296,Barry Lyndon,1975,Stanley Kubrick,Nominee,96bd883e-8ef5-4ad1-999f-2892326d1548
297,Dog Day Afternoon,1975,Martin Bregman and Martin Elfand,Nominee,25ec6295-c9bc-4535-8b76-c4c4b6932b27
298,Jaws,1975,Richard D. Zanuck and David Brown,Nominee,49107a35-a34e-44c0-8324-843c7535719f
299,Nashville,1975,Robert Altman,Nominee,2db901c8-7162-466f-a4d6-22aba1a726bf
300,Rocky,1976,Irwin Winkler and Robert Chartoff,Winner,9cc026b8-3a23-4db9-a703-c2353be1ee4d
301,All the President's Men,1976,Walter Coblenz,Nominee,048b181b-f1c1-4e3e-bb57-008c90e68339
302,Bound for Glory,1976,Robert F. Blumofe and Harold Leventhal,Nominee,7ac51fff-7c08-48bb-8711-09a28224a21a
303,Network,1976,Howard Gottfried,Nominee,09e7097f-0026-4147-9f4d-a17b04a57690
304,Taxi Driver,1976,Michael Phillips and Julia Phillips,Nominee,5fca34f6-fdf8-4e6f-a845-ba51eed1fc2e
305,Annie Hall,1977,Charles H. Joffe,Winner,50965bec-a059-4941-954a-07fddfa5a5e5
306,The Goodbye Girl,1977,Ray Stark,Nominee,e437045d-d8e6-466b-98f5-bf81d91883eb
307,Julia,1977,Richard Roth,Nominee,c982281e-2dfa-4de4-afb2-9bb7ad5300dc
308,Star Wars,1977,Gary Kurtz,Nominee,b03dfef6-a70b-43ef-bdf3-011c42307248
309,The Turning Point,1977,Herbert Ross and Arthur Laurents,Nominee,b43cfa51-76a9-4f3a-a5f2-baacb12be7b4
310,The Deer Hunter,1978,"Barry Spikings, Michael Deeley, Michael Cimino, and John Peverall",Winner,dcfb372f-430d-4998-a7f2-f23a78863ed4
311,Coming Home,1978,Jerome Hellman,Nominee,1354afbf-5844-458c-a3c6-21c3119083c6
312,Heaven Can Wait,1978,Warren Beatty,Nominee,8f0dd2a2-3322-4372-af45-cf1940585d86
313,Midnight Express,1978,Alan Marshall and David Puttnam,Nominee,01c95862-5a79-4087-9ae7-6f179d49ecd6
314,An Unmarried Woman,1978,Paul Mazursky and Tony Ray,Nominee,c5d97b57-e71f-40a9-a696-baaefe835b93
315,Kramer vs. Kramer,1979,Stanley R. Jaffe,Winner,40ddb2ef-ead7-4129-9a4a-005bcb9385db
316,All That Jazz,1979,Robert Alan Aurthur,Nominee,fcf2c847-059b-4750-b7a2-f1d150fadc63
317,Apocalypse Now,1979,"Francis Ford Coppola, Fred Roos, Gray Frederickson, and Tom Sternberg",Nominee,7d84dcde-add0-4d6e-a416-5f418b0ee4a5
318,Breaking Away,1979,Peter Yates,Nominee,73d83b0b-79ba-47da-b7f2-ef0c2f78860b
319,Norma Rae,1979,Tamara Asseyev and Alex Rose,Nominee,42fd0a2b-55a7-4131-89a9-9de4d028d022
320,Ordinary People,1980,Ronald L. Schwary,Winner,c7fdd5fc-4ab9-4195-8462-51c65f7cddd0
321,Coal Miner's Daughter,1980,Bernard Schwartz,Nominee,e30d2afc-0324-4610-8579-2dc703156dd3
322,The Elephant Man,1980,Jonathan Sanger,Nominee,0887d632-30bd-4e84-9d29-6bbfdd5984b8
323,Raging Bull,1980,Irwin Winkler and Robert Chartoff,Nominee,06fac879-3ee3-4c83-b676-16c49688b302
324,Tess,1980,Claude Berri and Timothy Burrill,Nominee,4e06a3f7-c35d-40a9-9a49-45738b7c505b
325,Chariots of Fire,1981,David Puttnam,Winner,dd41a9d6-8ccd-493a-8208-c515dd3053c1
326,Atlantic City,1981,Denis Héroux,Nominee,554cc033-c312-486f-82d5-f751453452de
327,On Golden Pond,1981,Bruce Gilbert,Nominee,f8b74df8-6eda-4e06-80f3-1222e3caa4a3
328,Raiders of the Lost Ark,1981,Frank Marshall,Nominee,f70968f4-9afa-42d1-b73f-7bc1cbdbc218
329,Reds,1981,Warren Beatty,Nominee,cb11d99b-5b54-4b7f-9526-45c7b96af6d7
330,Gandhi,1982,Richard Attenborough,Winner,f4628a4a-c61d-4c53-8ee3-c44d18c7d400
331,E.T. the Extra-Terrestrial,1982,Steven Spielberg and Kathleen Kennedy,Nominee,46284c86-cb07-478c-8456-8fd89e9c84a9
332,Missing,1982,Edward Lewis and Mildred Lewis,Nominee,b113ce60-c3f8-4941-b9da-ebfe82a3fc9e
333,Tootsie,1982,Sydney Pollack and Dick Richards,Nominee,70a9622e-6db7-4e2c-aee8-10e95dada668
334,The Verdict,1982,Richard D. Zanuck and David Brown,Nominee,7652b232-b5ee-4956-8681-297fc00d41ab
335,Terms of Endearment,1983,James L. Brooks,Winner,a9656df0-28f7-4c29-b304-676781b0aee1
336,The Big Chill,1983,Michael Shamberg,Nominee,c8242d31-95c1-4c16-84b1-ec015f01c19a
337,The Dresser,1983,Peter Yates,Nominee,3cf23d0c-6db3-4107-85bf-9416b8ea75ff
338,The Right Stuff,1983,Irwin Winkler and Robert Chartoff,Nominee,6abefa70-b1a8-488e-a096-68be3603d570
339,Tender Mercies,1983,Philip S. Hobel,Nominee,a7ce9a76-c855-4559-8100-17e45efa32da
340,Amadeus,1984,Saul Zaentz,Winner,eae6dbc2-eeb2-428f-a591-0edebbd0c579
341,The Killing Fields,1984,David Puttnam,Nominee,6ac6765b-1aae-4bdf-8d0e-3b70b695a185
342,A Passage to India,1984,John Brabourne and Richard B. Goodwin,Nominee,47237a83-cdd6-4b9f-8d52-a1ceeef87a1f
343,Places in the Heart,1984,Arlene Donovan,Nominee,62697f02-1274-4648-962e-44b423322cf5
344,A Soldier's Story,1984,"Norman Jewison, Ronald L. Schwary, and Patrick Palmer",Nominee,5c207c3e-8e9c-4b50-a2e6-045cca40862a
345,Out of Africa,1985,Sydney Pollack,Winner,13188c13-9d17-47b3-951d-02210617670d
346,The Color Purple,1985,"Steven Spielberg, Kathleen Kennedy, Frank Marshall, and Quincy Jones",Nominee,529887f4-f40c-4df4-bde7-61edbc3b83ef
347,Kiss of the Spider Woman,1985,David Weisman,Nominee,01b3d4bc-21ef-4792-8b0b-587b77b165e6
348,Prizzi's Honor,1985,John Foreman,Nominee,77e1a54f-4e63-4d9f-af02-d769a4cd9231
349,Witness,1985,Edward S. Feldman,Nominee,4b7f540c-15bc-4304-99cb-8e71b4aeb986
350,Platoon,1986,Arnold Kopelson,Winner,7e6ac04e-1578-40f4-a38d-62fd5169e065
351,Children of a Lesser God,1986,Burt Sugarman and Patrick J. Palmer,Nominee,c60692a0-d167-403e-b91e-b928c84a82ab
352,Hannah and Her Sisters,1986,Robert Greenhut,Nominee,d93370e0-15f5-4332-8f53-934c116db5f2
353,The Mission,1986,Fernando Ghia and David Puttnam,Nominee,25e4f98b-6c66-4073-8298-412c4ef204b8
354,A Room with a View,1986,Ismail Merchant,Nominee,f90240d7-9cf8-4fa8-beb0-69e8020f188a
355,The Last Emperor,1987,Jeremy Thomas,Winner,451afb73-2c85-47f1-ac5b-f9989f0c7519
356,Broadcast News,1987,James L. Brooks,Nominee,38fa3d70-d315-4777-aac6-79067a742e28
357,Fatal Attraction,1987,Stanley R. Jaffe and Sherry Lansing,Nominee,8b29c745-1a07-4bd5-881b-66dd81fe33ac
358,Hope and Glory,1987,John Boorman,Nominee,db130473-1eda-40a4-babf-da6e269f1064
359,Moonstruck,1987,Patrick J. Palmer and Norman Jewison,Nominee,54bb0a14-14b0-4726-a85c-07f6bc91b858
360,Rain Man,1988,Mark Johnson,Winner,fffb86d7-7db1-427c-866c-06a2e79d745a
361,The Accidental Tourist,1988,"Lawrence Kasdan, Charles Okun, and Michael Grillo",Nominee,b803316c-8926-4441-b44e-a13a70367c77
362,Dangerous Liaisons,1988,Norma Heyman and Hank Moonjean,Nominee,dda54969-86a7-475b-a0f3-80c6ce522d0f
363,Mississippi Burning,1988,Frederick Zollo and Robert F. Colesberry,Nominee,f81a878d-fce0-4d2c-934e-0df851bf826c
364,Working Girl,1988,Douglas Wick,Nominee,ebabac08-be22-4207-a0ab-436d1e3c2b63
365,Driving Miss Daisy,1989,Richard D. Zanuck and Lili Fini Zanuck,Winner,feca6bb0-53c9-4495-a143-476bd692387b
366,Born on the Fourth of July,1989,A. Kitman Ho and Oliver Stone,Nominee,a08e135b-07af-4bb9-a9cb-ff293f1372d3
367,Dead Poets Society,1989,"Steven Haft, Paul Junger Witt, and Tony Thomas",Nominee,ed614f84-1f17-42bb-8c65-64c484d8ad4f
368,Field of Dreams,1989,Lawrence Gordon and Charles Gordon,Nominee,5f90d9e7-f6e0-421b-845f-84d81ddbec9e
369,My Left Foot,1989,Noel Pearson,Nominee,49e21fd0-9d51-4006-9ee6-7518fba27201
370,Dances with Wolves,1990,Jim Wilson and Kevin Costner,Winner,98f8f2a9-a385-4248-a892-7c0857fb5260
371,Awakenings,1990,Walter Parkes and Lawrence Lasker,Nominee,2605a134-1217-4ae4-bf30-43d97858e924
372,Ghost,1990,Lisa Weinstein,Nominee,5e760389-af46-424d-bde2-405623e9ae86
373,The Godfather Part III,1990,Francis Ford Coppola,Nominee,881cf2a0-45e8-48b5-a63f-e59fd8e6d31a
374,Goodfellas,1990,Irwin Winkler,Nominee,99af9db4-124b-4abb-b7cd-ee67426e50c8
375,The Silence of the Lambs,1991,"Edward Saxon, Kenneth Utt, and Ron Bozman",Winner,a6694bfa-4746-421e-bfab-5dd4a062b942
376,Beauty and the Beast,1991,Don Hahn,Nominee,9b075c78-d15a-46a2-acf2-cfe6e3b3f946
377,Bugsy,1991,"Mark Johnson, Barry Levinson and Warren Beatty",Nominee,dad4cc76-9f17-434e-8d0d-58efece318b8
378,JFK,1991,A. Kitman Ho and Oliver Stone,Nominee,b3cd9be4-89eb-4ab7-8e0f-8740d4cad197
379,The Prince of Tides,1991,Barbra Streisand and Andrew S. Karsch,Nominee,1d71e707-d959-4ead-806c-9bb20f42bf3c
380,Unforgiven,1992,Clint Eastwood,Winner,2ec120ec-af89-47c0-a5de-ee0f0789cf1b
381,The Crying Game,1992,Stephen Woolley,Nominee,1035b815-61a1-4381-bbee-4e2bfeff00b5
382,A Few Good Men,1992,"David Brown, Rob Reiner, and Andrew Scheinman",Nominee,87a4b35b-0e2f-4a81-8563-a30239451080
383,Howards End,1992,Ismail Merchant,Nominee,02cd0473-5c6d-4537-8e92-e3c081ff133c
384,Scent of a Woman,1992,Martin Brest,Nominee,9da93e60-2304-4bc0-86e7-e76094b38c1e
385,Schindler's List,1993,"Steven Spielberg, Gerald R. Molen, and Branko Lustig",Winner,cb4bf724-69a8-4c3a-9334-de33c424441e
386,The Fugitive,1993,Arnold Kopelson,Nominee,51603e98-58cc-49a1-97ea-23a78ca69543
387,In the Name of the Father,1993,Jim Sheridan,Nominee,1bd29323-753e-4cad-83e9-1994cd8e5c05
388,The Piano,1993,Jan Chapman,Nominee,d7abff59-adc3-4845-bf3d-77b1a109b731
389,The Remains of the Day,1993,"Mike Nichols, John Calley, and Ismail Merchant",Nominee,c4058de8-5d1f-4a0c-afdf-6e15bcb0d865
390,Forrest Gump,1994,"Wendy Finerman, Steve Tisch, and Steve Starkey",Winner,f93d65fb-33ab-4b66-9367-a50edabc2d3e
391,Four Weddings and a Funeral,1994,Duncan Kenworthy,Nominee,7c08aab3-e45c-4ba4-ba1a-fd30a67a320d
392,Pulp Fiction,1994,Lawrence Bender,Nominee,8fc72f03-3f8e-4fc6-9231-ef6474c20433
393,Quiz Show,1994,"Michael Jacobs, Julian Krainin, Michael Nozik, and Robert Redford",Nominee,cf8b285f-bd11-4433-88c4-37c897fec130
394,The Shawshank Redemption,1994,Niki Marvin,Nominee,995644f5-255c-4564-a647-7d0c8ccc17bb
395,Braveheart,1995,"Mel Gibson, Alan Ladd Jr., and Bruce Davey",Winner,67a299f8-aabe-4cde-b74e-e71136632ea3
396,Apollo 13,1995,Brian Grazer,Nominee,e0087fa7-4e07-4eb8-9397-b678d99ce8cb
397,Babe,1995,"Bill Miller, George Miller, and Doug Mitchell",Nominee,188f9551-fd40-473e-99da-688378336384
398,The Postman (Il Postino),1995,"Mario Cecchi Gori, Vittorio Cecchi Gori, and Gaetano Daniele",Nominee,866815ad-c00c-414c-9e9c-e75466ecbcb9
399,Sense and Sensibility,1995,Lindsay Doran,Nominee,da35eb21-3cf9-4381-a241-064db05f34ac
400,The English Patient,1996,Saul Zaentz,Winner,30efb856-db60-4652-a757-97ae45337801
401,Fargo,1996,Ethan Coen,Nominee,f85a45ca-740d-4a6f-9506-6c57321fe04d
402,Jerry Maguire,1996,"James L. Brooks, Laurence Mark, Richard Sakai, and Cameron Crowe",Nominee,a574b721-f78d-44b9-bdf0-8c016ee72064
403,Secrets & Lies,1996,Simon Channing-Williams,Nominee,93446faf-582d-405b-bb2c-e963732076ee
404,Shine,1996,Jane Scott,Nominee,a300b5d0-bde2-49d7-9456-ead55c4539a7
405,Titanic,1997,James Cameron and Jon Landau,Winner,e7dc77ed-e48d-4cc4-9951-64802f947ce2
406,As Good as It Gets,1997,"James L. Brooks, Bridget Johnson, and Kristi Zea",Nominee,336cbfef-4f00-4c5c-ab6a-6b42e217a150
407,The Full Monty,1997,Uberto Pasolini,Nominee,7f31cb60-c7dd-42f0-9f70-a3134c3237f4
408,Good Will Hunting,1997,Lawrence Bender,Nominee,3020a81f-9d77-4d3a-91b5-bbd32cad2aff
409,L.A. Confidential,1997,"Curtis Hanson, Arnon Milchan, and Michael Nathanson",Nominee,3cd18a77-0296-46a5-b092-b8f85298bc3a
410,Shakespeare in Love,1998,"David Parfitt, Donna Gigliotti, Harvey Weinstein, Edward Zwick, and Marc Norman",Winner,fa9d4ada-fefc-4e5c-a485-799c66b69fc8
411,Elizabeth,1998,"Alison Owen, Eric Fellner and Tim Bevan",Nominee,cbcd4555-61ac-4558-9360-76533048b8f1
412,Life Is Beautiful,1998,Elda Ferri and Gianluigi Braschi,Nominee,fcdabd53-1c8b-44fe-a359-d21c4b02b59b
413,Saving Private Ryan,1998,"Steven Spielberg, Ian Bryce, Mark Gordon, and Gary Levinsohn",Nominee,fcdb5a05-a025-412c-ad43-5af72cb3a5a7
414,The Thin Red Line,1998,"Robert Michael Geisler, John Roberdeau, and Grant Hill",Nominee,3f1dd2d1-b8d0-48f6-9a80-6ccf384c9887
415,American Beauty,1999,Bruce Cohen and Dan Jinks,Winner,393ea3e0-1e32-4c65-8401-e36ab93bf22c
416,The Cider House Rules,1999,Richard N. Gladstein,Nominee,3c4ca5f5-080c-4580-b976-cc524daaca09
417,The Green Mile,1999,Frank Darabont and David Valdes,Nominee,8cb5515b-b9e6-4091-8381-c399ea29d16c
418,The Insider,1999,Pieter Jan Brugge and Michael Mann,Nominee,2b4faadc-b2c8-4b62-81f4-434109efd8f2
419,The Sixth Sense,1999,"Frank Marshall, Kathleen Kennedy, and Barry Mendel",Nominee,21b54a15-eca1-4777-b01f-1ef88402d8ab
420,Gladiator,2000,"Douglas Wick, David Franzoni, and Branko Lustig",Winner,3e67a3b9-f24a-420b-b9f8-78870126e1df
421,Chocolat,2000,"David Brown, Kit Golden, and Leslie Holleran",Nominee,8886c9d4-e3e8-4471-a859-a3c7d9504b00
422,"Crouching Tiger, Hidden Dragon",2000,"William Kong, Hsu Li-kong, and Ang Lee",Nominee,f7251c84-34bd-4799-8988-50a0814515d9
423,Erin Brockovich,2000,"Danny DeVito, Michael Shamberg, and Stacey Sher",Nominee,06d3d335-5b97-4d11-8c20-ef9b39fa1a07
424,Traffic,2000,"Edward Zwick, Marshall Herskovitz, and Laura Bickford",Nominee,50dc035c-aa8c-4ae7-b590-8de1202c6ae3
425,A Beautiful Mind,2001,Brian Grazer and Ron Howard,Winner,69218a0a-fbd1-4a2b-a19b-fc194d43d435
426,Gosford Park,2001,"Robert Altman, Bob Balaban, and David Levy",Nominee,50dff062-b330-46b8-b529-19794302e949
427,In the Bedroom,2001,"Graham Leader, Ross Katz, and Todd Field",Nominee,af8027ac-3084-497a-b1e1-a5405213a6e3
428,The Lord of the Rings: The Fellowship of the Ring,2001,"Peter Jackson, Fran Walsh, and Barrie M. Osborne",Nominee,c604e2a8-7845-420e-9d8f-b3919b637b67
429,Moulin Rouge!,2001,"Martin Brown, Baz Luhrmann, and Fred Baron",Nominee,2b0fed46-3cba-42a0-805e-776d022c38c8
430,Chicago,2002,Martin Richards,Winner,5ca65d3f-4b1e-4c9f-a629-06f111c3c7c2
431,Gangs of New York,2002,Alberto Grimaldi and Harvey Weinstein,Nominee,e70f19b1-f6f2-4a8e-81b5-d5f16c73f4ff
432,The Hours,2002,Scott Rudin and Robert Fox,Nominee,51a57b94-2340-408a-81aa-3f4a4acc841c
433,The Lord of the Rings: The Two Towers,2002,"Barrie M. Osborne, Fran Walsh, and Peter Jackson",Nominee,8e3c29ae-fb18-4813-a3af-d2d8cb071954
434,The Pianist,2002,"Roman Polanski, Robert Benmussa, and Alain Sarde",Nominee,1ffecc42-aab2-4688-924e-dc759598b98e
435,The Lord of the Rings: The Return of the King,2003,"Barrie M. Osborne, Peter Jackson, and Fran Walsh",Winner,7591962a-1d5a-48dd-a362-8546b21ced73
436,Lost in Translation,2003,Ross Katz and Sofia Coppola,Nominee,ed953088-38f9-43b3-beb3-f5f447de2ca1
437,Master and Commander: The Far Side of the World,2003,"Samuel Goldwyn Jr., Peter Weir, and Duncan Henderson",Nominee,41879be1-9006-4484-a325-aa2cc29d2894
438,Mystic River,2003,"Robert Lorenz, Judie G. Hoyt, and Clint Eastwood",Nominee,45a52a04-0915-4a4d-8034-8fb1b2811258
439,Seabiscuit,2003,"Kathleen Kennedy, Frank Marshall, and Gary Ross",Nominee,2f1c775f-7d85-41a3-9ab1-1e99cfae4b94
440,Million Dollar Baby,2004,"Clint Eastwood, Albert S. Ruddy, and Tom Rosenberg",Winner,a360a577-fb0b-4bd2-ae39-35fb5dbb3deb
441,The Aviator,2004,Michael Mann and Graham King,Nominee,90b4e270-b686-4bf2-9fab-2b01b7aa3dd9
442,Finding Neverland,2004,Richard N. Gladstein and Nellie Bellflower,Nominee,19cc6810-a1c4-4d0d-a89a-d0d74c2755da
443,Ray,2004,"Taylor Hackford, Stuart Benjamin, and Howard Baldwin",Nominee,2fbdbfe1-f830-4ddd-bd17-6648c2b9c9bb
444,Sideways,2004,Michael London,Nominee,c5601ba2-1104-46c1-8c61-74bc9fd90e73
445,Crash,2005,Paul Haggis and Cathy Schulman,Winner,4585c429-08f0-4e20-8b9d-d6dcc8fcfbe1
446,Brokeback Mountain,2005,Diana Ossana and James Schamus,Nominee,dd71a463-36f8-441f-926c-6f93f4ff9141
447,Capote,2005,"Caroline Baron, William Vince, and Michael Ohoven",Nominee,258c1c0d-0b7d-4efb-b5a2-ba3b5d0baf88
448,"Good Night, and Good Luck",2005,Grant Heslov,Nominee,0631e138-136e-49f5-b31f-0ad5674df13f
449,Munich,2005,"Steven Spielberg, Kathleen Kennedy, and Barry Mendel",Nominee,fb74c6a2-d107-4507-bbf1-819e9daa27ae
450,The Departed,2006,Graham King,Winner,bc73e784-5ad5-45b4-a7b4-132f0ffade15
451,Babel,2006,"Alejandro González Iñárritu, Steve Golin, and Jon Kilik",Nominee,03a8d27b-c5bd-4002-bf8e-df24cfd96c86
452,Letters from Iwo Jima,2006,"Clint Eastwood, Steven Spielberg, and Robert Lorenz",Nominee,7e651506-c75d-403b-9673-b4bc77a84ef2
453,Little Miss Sunshine,2006,"David T. Friendly, Peter Saraf, and Marc Turtletaub",Nominee,16583578-4e99-4999-ab66-9de7d7efc495
454,The Queen,2006,"Andy Harries, Christine Langan, and Tracey Seaward",Nominee,348637e8-bc7c-4d44-8b01-7067023960dd
455,No Country for Old Men,2007,"Scott Rudin, Joel Coen, and Ethan Coen",Winner,29a90339-c5f5-4022-8b33-ea349c4b1bd9
456,Atonement,2007,"Tim Bevan, Eric Fellner, and Paul Webster",Nominee,5b42aceb-a4cb-4897-a376-712e66946cea
457,Juno,2007,"Lianne Halfon, Mason Novick, and Russell Smith",Nominee,e41e7111-830b-46a2-93fb-1250a5554bbe
458,Michael Clayton,2007,"Jennifer Fox, Kerry Orent, and Sydney Pollack",Nominee,25f1acab-c833-4f4d-ad57-1a283707fbda
459,There Will Be Blood,2007,"Paul Thomas Anderson, Daniel Lupi, and JoAnne Sellar",Nominee,41c2923e-f31c-47e4-9be8-e6a447a7d87e
460,Slumdog Millionaire,2008,Christian Colson,Winner,04b5c110-03a9-43dd-ada0-9d5ec5a2b140
461,The Curious Case of Benjamin Button,2008,"Kathleen Kennedy, Frank Marshall, and Ceán Chaffin",Nominee,20341ee5-10fc-422f-80a8-2285d2a720c3
462,Frost/Nixon,2008,"Ron Howard, Brian Grazer, and Eric Fellner",Nominee,70d1eaaa-04ef-40fa-83eb-c76f9924538a
463,Milk,2008,Bruce Cohen and Dan Jinks,Nominee,206da0df-8b6f-4ca0-8ced-f05b683b63ae
464,The Reader,2008,"Anthony Minghella, Sydney Pollack, Donna Gigliotti, and Redmond Morris",Nominee,2a998534-5479-42e2-bf17-fcf8fcdeab51
465,The Hurt Locker,2009,"Kathryn Bigelow, Mark Boal, Nicolas Chartier, and Greg Shapiro",Winner,9b4177d0-0aaf-4921-ab28-50fa0b20affc
466,Avatar,2009,James Cameron and Jon Landau,Nominee,62882251-9304-4fec-9fa3-b3d20f9574f5
467,The Blind Side,2009,"Gil Netter, Andrew A. Kosove, and Broderick Johnson",Nominee,7a30c0a9-58fa-41f7-90fd-f85a2c9979d1
468,District 9,2009,Peter Jackson and Carolynne Cunningham,Nominee,8f06e9f9-d006-4674-b3c1-62406652630a
469,An Education,2009,Finola Dwyer and Amanda Posey,Nominee,6651de34-a337-4395-8797-2f408016fafa
470,Inglourious Basterds,2009,Lawrence Bender,Nominee,703f43ee-ac54-4db6-838b-9bb256ad85fc
471,Precious: Based on the Novel 'Push' by Sapphire,2009,"Lee Daniels, Sarah Siegel-Magness, and Gary Magness",Nominee,85eebe7c-8a46-4b99-a06f-67bae1254117
472,A Serious Man,2009,Joel Coen and Ethan Coen,Nominee,700a9b52-7949-432b-b650-6a190328e137
473,Up,2009,Jonas Rivera,Nominee,91050f20-1d70-445d-af55-9153f4477c66
474,Up in the Air,2009,"Daniel Dubiecki, Ivan Reitman, and Jason Reitman",Nominee,079dec92-de45-4395-b058-de3943fb90ce
475,The King's Speech,2010,"Iain Canning, Emile Sherman, and Gareth Unwin",Winner,ab6ff668-b31b-42b4-a406-468b3660562c
476,127 Hours,2010,"Danny Boyle, John Smithson, and Christian Colson",Nominee,8aa6ad71-a915-44d3-ad61-a57c83baaee9
477,Black Swan,2010,"Scott Franklin, Mike Medavoy, and Brian Oliver",Nominee,d8594332-3a1c-41c4-a4bb-95744b7cc77b
478,The Fighter,2010,"David Hoberman, Todd Lieberman, and Mark Wahlberg",Nominee,6d10b167-cb37-4e7c-9636-6bdf993a3ed0
479,Inception,2010,Christopher Nolan and Emma Thomas,Nominee,33289599-ab93-4631-922c-d0c5f1f652e7
480,The Kids Are All Right,2010,"Gary Gilbert, Jeffrey Levy-Hinte, and Celine Rattray",Nominee,9772cfa2-5d7b-48eb-8f33-fd9d15087bc5
481,The Social Network,2010,"Dana Brunetti, Ceán Chaffin, Michael De Luca, and Scott Rudin",Nominee,05fad488-166b-4fcd-9b23-b97ba7c51007
482,Toy Story 3,2010,Darla K. Anderson,Nominee,2c7866a2-f2a7-4409-b90d-022a083e8c04
483,True Grit,2010,"Joel Coen, Ethan Coen, and Scott Rudin",Nominee,86393a19-8f0b-4f28-b90f-9d953dfec999
484,Winter's Bone,2010,Alix Madigan and Anne Rosellini,Nominee,d013a485-c112-4f45-8139-4fca7bfe388f
485,The Artist,2011,Thomas Langmann,Winner,d200f517-17a4-4d43-8be6-2cf5d36d6bfa
486,The Descendants,2011,"Jim Burke, Alexander Payne, and Jim Taylor",Nominee,3674e560-49ce-4097-8249-b3329d12e09c
487,Extremely Loud & Incredibly Close,2011,Scott Rudin,Nominee,a09a682d-a636-491f-a135-cef9b7628824
488,The Help,2011,"Brunson Green, Chris Columbus, and Michael Barnathan",Nominee,d571a523-7282-4694-a8ce-5ca620f090ad
489,Hugo,2011,Graham King and Martin Scorsese,Nominee,731143c6-6b60-4fb1-8564-6b86f5175893
490,Midnight in Paris,2011,Letty Aronson and Stephen Tenenbaum,Nominee,343925fb-50f7-400d-ad63-70008718666e
491,Moneyball,2011,"Michael De Luca, Rachael Horovitz, and Brad Pitt",Nominee,7b46b3b9-1924-4db8-a286-956320d88dfa
492,The Tree of Life,2011,"Sarah Green, Bill Pohlad, Dede Gardner, and Grant Hill",Nominee,cd62128e-0cf2-467d-a82a-4fb7c5d4d445
493,War Horse,2011,Steven Spielberg and Kathleen Kennedy,Nominee,8511a59e-ed87-4bfb-8c72-588e85a3b8c7
494,Argo,2012,"Grant Heslov, Ben Affleck, and George Clooney",Winner,df2afe2f-24a3-4bef-bbbc-716e24c5c723
495,Amour,2012,"Margaret Menegoz, Stefan Arndt, Veit Heiduschka, and Michael Katz",Nominee,96b5b091-519c-4924-8bc0-76acde8979c5
496,Beasts of the Southern Wild,2012,"Dan Janvey, Josh Penn, and Michael Gottwald",Nominee,7b0b3303-0178-4978-a5d5-818ab2209cc2
497,Django Unchained,2012,"Stacey Sher, Reginald Hudlin, and Pilar Savone",Nominee,cca88b79-5fdc-40c6-845f-43c3421cbbee
498,Life of Pi,2012,"Gil Netter, Ang Lee, and David Womark",Nominee,e21da27c-6ce5-4de2-b31c-82bfafd8a585
499,Lincoln,2012,Steven Spielberg and Kathleen Kennedy,Nominee,af47c834-a347-4036-991f-c192418f19dd
500,Les Misérables,2012,"Tim Bevan, Eric Fellner, Debra Hayward, and Cameron Mackintosh",Nominee,d7ede1ef-73aa-4ffe-8d0e-254b90588f95
501,Silver Linings Playbook,2012,"Donna Gigliotti, Bruce Cohen, and Jonathan Gordon",Nominee,c3b2fd62-298b-4692-afb8-ab18bdc11e80
502,Zero Dark Thirty,2012,"Mark Boal, Kathryn Bigelow, and Megan Ellison",Nominee,cc2c5a6a-c66c-4d94-9dcd-2c588ffdb607
503,12 Years a Slave,2013,"Brad Pitt, Dede Gardner, Jeremy Kleiner, Steve McQueen, and Anthony Katagas",Winner,219ec9bd-2d5c-40c8-b914-bca2446ddcda
504,American Hustle,2013,"Charles Roven, Richard Suckle, Megan Ellison, and Jonathan Gordon",Nominee,4ca961d2-bac4-43ee-be0c-325348503edd
505,Captain Phillips,2013,"Scott Rudin, Dana Brunetti, and Michael De Luca",Nominee,8e3f5cbe-ba2c-4f7a-a557-030aa0eb3f44
506,Dallas Buyers Club,2013,Robbie Brenner and Rachel Winter,Nominee,15d6f774-4640-49dd-b1bf-f1e3454ee368
507,Gravity,2013,Alfonso Cuarón and David Heyman,Nominee,3b72ef21-a1a0-4bae-ac7d-62bbb2a8fb97
508,Her,2013,"Megan Ellison, Spike Jonze, and Vincent Landay",Nominee,49a7e2c9-87c7-496f-b097-f30d641f6bbe
509,Nebraska,2013,Albert Berger and Ron Yerxa,Nominee,fb0e0e48-dd1c-47a9-9c5a-e7617cd1f233
510,Philomena,2013,"Gabrielle Tana, Steve Coogan, and Tracey Seaward",Nominee,dd456cf6-adef-4ce6-98a9-5e59bbb27189
511,The Wolf of Wall Street,2013,"Martin Scorsese, Leonardo DiCaprio, Joey McFarland, and Emma Tillinger Koskoff",Nominee,bdad64df-7778-4870-9d2f-f4aa2141388e
512,Birdman or (The Unexpected Virtue of Ignorance),2014,"Alejandro G. Iñárritu, John Lesher, and James W. Skotchdopole",Winner,2a5cefcd-9f9e-481c-bcc3-721365d97672
513,American Sniper,2014,"Clint Eastwood, Andrew Lazar, Robert Lorenz, Bradley Cooper, and Peter Morgan",Nominee,a1672fdb-9891-4606-9b46-4abc01e1790a
514,Boyhood,2014,Richard Linklater and Cathleen Sutherland,Nominee,d5061cf6-5575-416e-9b08-bed6c5a1e381
515,The Grand Budapest Hotel,2014,"Wes Anderson, Scott Rudin, Steven M. Rales, and Jeremy Dawson",Nominee,24db8875-b61e-4643-bda9-de2455d0f5e7
516,The Imitation Game,2014,"Nora Grossman, Ido Ostrowsky, and Teddy Schwarzman",Nominee,e0336cbf-d6e0-4e6f-990f-854660d715dc
517,Selma,2014,"Christian Colson, Oprah Winfrey, Dede Gardner, and Jeremy Kleiner",Nominee,89d620e7-a9dd-4247-96da-c019556a3cb0
518,The Theory of Everything,2014,"Tim Bevan, Eric Fellner, Lisa Bruce, and Anthony McCarten",Nominee,82023c5d-f065-4616-bbab-970e84a58d8a
519,Whiplash,2014,"Jason Blum, Helen Estabrook, and David Lancaster",Nominee,883da4a2-c3e4-487b-a08c-94f2dff27125
520,Spotlight,2015,"Blye Pagon Faust, Steve Golin, Nicole Rocklin, and Michael Sugar",Winner,e8728900-9b21-4486-8a41-893439f118f3
521,The Big Short,2015,"Dede Gardner, Jeremy Kleiner, and Brad Pitt",Nominee,a0e57135-dbfa-44a9-9f12-e6d04c9cef45
522,Bridge of Spies,2015,"Steven Spielberg, Marc Platt, and Kristie Macosko Krieger",Nominee,01be4f89-7f33-44b5-84fb-74373c394649
523,Brooklyn,2015,Finola Dwyer and Amanda Posey,Nominee,f95ccdec-05e4-4df6-896c-24ffd29e32cb
524,Mad Max: Fury Road,2015,Doug Mitchell and George Miller,Nominee,79fc5e5f-e53f-4bd2-8a92-154268114f49
525,The Martian,2015,"Simon Kinberg, Ridley Scott, Michael Schaefer, and Mark Huffam",Nominee,72011778-43b2-4b5f-99e9-49226a306a20
526,The Revenant,2015,"Arnon Milchan, Steve Golin, Alejandro G. Iñárritu, Mary Parent, and Keith Redmon",Nominee,afc8d345-abee-4a78-bbf1-1d2271319e41
527,Room,2015,Ed Guiney,Nominee,711a0fe6-003c-4234-b1e1-c192f2d7ab44
528,Moonlight,2016,"Adele Romanski, Dede Gardner, and Jeremy Kleiner",Winner,194103bc-9dbe-4396-ad61-8370f887ce45
529,Arrival,2016,"Shawn Levy, Dan Levine, Aaron Ryder, and David Linde",Nominee,0e1f47b6-3fda-45b5-ae50-3b0077b16360
530,Fences,2016,"Scott Rudin, Denzel Washington, and Todd Black",Nominee,27beb229-8515-4657-8a03-873b287d29f2
531,Hacksaw Ridge,2016,Bill Mechanic and David Permut,Nominee,47d27cf4-2241-42eb-8776-d45b8f1a19ce
532,Hell or High Water,2016,Carla Hacken and Julie Yorn,Nominee,fba9e12d-e725-4711-a502-2e369e554591
533,Hidden Figures,2016,"Donna Gigliotti, Peter Chernin, Jenno Topping, Pharrell Williams, and Theodore Melfi",Nominee,3bfde6b3-4e9d-4411-a051-00eb89105a84
534,La La Land,2016,"Fred Berger, Jordan Horowitz, and Marc Platt",Nominee,dd2fa2f2-4cbe-4fbe-888c-5cea6773809b
535,Lion,2016,"Emile Sherman, Iain Canning, and Angie Fielder",Nominee,6f62117a-ca4b-4f26-8b4d-bcff6d3ed0e8
536,Manchester by the Sea,2016,"Matt Damon, Kimberly Steward, Chris Moore, Lauren Beck, and Kevin J. Walsh",Nominee,2d5bd667-6a86-4737-a069-3d875a29941b
537,The Shape of Water,2017,Guillermo del Toro and J. Miles Dale,Winner,05e574cc-0583-419f-9300-257cf0c4d110
538,Call Me by Your Name,2017,"Peter Spears, Luca Guadagnino, Emilie Georges, and Marco Morabito",Nominee,324af136-4644-43f4-9302-000013843ec9
539,Darkest Hour,2017,"Tim Bevan, Eric Fellner, Lisa Bruce, Anthony McCarten, and Douglas Urbanski",Nominee,097298e3-0a4c-42c9-b295-f7db341d29a0
540,Dunkirk,2017,Emma Thomas and Christopher Nolan,Nominee,d4bf0919-c2bd-4ab7-9b6f-ad4881444173
541,Get Out,2017,"Sean McKittrick, Jason Blum, Edward H. Hamm Jr., and Jordan Peele",Nominee,bdea345b-3abf-4be0-927e-6dd11c3718bd
542,Lady Bird,2017,"Scott Rudin, Eli Bush, and Evelyn O'Neill",Nominee,fcda8ae3-1d27-4d2d-83c2-e9804ad6bcd7
543,Phantom Thread,2017,"JoAnne Sellar, Paul Thomas Anderson, Megan Ellison, and Daniel Lupi",Nominee,daf77b01-c9e3-4bfa-8a6d-57e07ba4c5ad
544,The Post,2017,"Amy Pascal, Steven Spielberg, and Kristie Macosko Krieger",Nominee,b440a217-27a1-470b-b04e-c101d6cdf8be
545,"Three Billboards Outside Ebbing, Missouri",2017,"Graham Broadbent, Pete Czernin, and Martin McDonagh",Nominee,60b0d783-fb20-4683-b1a0-269a7fe8020e
546,Green Book,2018,"Jim Burke, Charles B. Wessler, Brian Currie, Peter Farrelly, and Nick Vallelonga",Winner,4dd226cc-dc68-40e7-a5b3-3b1bfff594f1
547,Black Panther,2018,Kevin Feige,Nominee,23eb3d70-301d-4e30-955f-57acf8f650dd
548,BlacKkKlansman,2018,"Sean McKittrick, Jason Blum, Raymond Mansfield, Jordan Peele, and Spike Lee",Nominee,9b92d8a7-dc53-4219-bb2d-3812ba4048a6
549,Bohemian Rhapsody,2018,Graham King,Nominee,fecdf7d4-1af9-41ab-883c-9616cea28519
550,The Favourite,2018,"Ceci Dempsey, Ed Guiney, Lee Magiday, and Yorgos Lanthimos",Nominee,789c5253-e33e-4862-9cd6-6795271af717
551,Roma,2018,Gabriela Rodríguez and Alfonso Cuarón,Nominee,1dc73d5e-4ae5-428e-a4f3-d465ffc9262d
552,A Star Is Born,2018,"Bill Gerber, Bradley Cooper, and Lynette Howell Taylor",Nominee,a8a00610-8b95-4d5f-b95e-128b6a2853ea
553,Vice,2018,"Dede Gardner, Jeremy Kleiner, Adam McKay, and Kevin Messick",Nominee,27048415-ff2e-427e-a4de-5d2898a0812d
554,Parasite,2019,Kwak Sin-ae and Bong Joon-ho,Winner,db1a7b9b-b141-4816-a78a-1ba660b98dba
555,1917,2019,"Sam Mendes, Pippa Harris, Jayne-Ann Tenggren, and Callum McDougall",Nominee,e150fdb8-b54e-4411-9adf-ab4d2e3bcab0
556,Ford v Ferrari,2019,"Peter Chernin, Jenno Topping, and James Mangold",Nominee,054dfed2-ce14-4c17-9bf2-fb228eaa78a3
557,The Irishman,2019,"Martin Scorsese, Robert De Niro, Jane Rosenthal, and Emma Tillinger Koskoff",Nominee,cf8fb1fa-1a2b-48bd-a241-c7e9d487c09d
558,Jojo Rabbit,2019,"Carthew Neal, Taika Waititi, and Chelsea Winstanley",Nominee,111025ab-00c2-490a-8921-f298fe1a6006
559,Joker,2019,"Todd Phillips, Bradley Cooper, and Emma Tillinger Koskoff",Nominee,9988cdef-854b-4e3d-8dc4-19e8e8717b9b
560,Little Women,2019,Amy Pascal,Nominee,6207f4ff-c6a8-4922-b48d-71b03a01bc96
561,Marriage Story,2019,Noah Baumbach and David Heyman,Nominee,4dfbadb9-b7f9-4c24-bbd8-5d55dce2c7c6
562,Once Upon a Time in Hollywood,2019,"David Heyman, Shannon McIntosh, and Quentin Tarantino",Nominee,80060b63-3c4c-42c3-ab4f-4efee21776bd
563,Nomadland,2020,"Frances McDormand, Peter Spears, Mollye Asher, Dan Janvey, and Chloé Zhao",Nominee,f04508ab-e957-49aa-908e-c1286123a493
564,The Father,2020,"David Parfitt, Jean-Louis Livi, and Philippe Carcassonne",Nominee,73e858b2-7b6e-48b4-80d6-960a992961f5
565,Judas and the Black Messiah,2020,"Shaka King, Charles D. King, and Ryan Coogler",Nominee,cf55544c-fcaa-4b26-9773-52be27359d6f
566,Mank,2020,"Ceán Chaffin, Eric Roth, and Douglas Urbanski",Nominee,47d4ae4f-e782-4cd9-9508-4a07302b1c1a
567,Minari,2020,Christina Oh,Nominee,7262b3a8-214d-4205-985c-70e0860f3236
568,Promising Young Woman,2020,"Ben Browning, Ashley Fox, Emerald Fennell, and Josey McNamara",Nominee,d64c669b-7a73-496a-bddb-19cb09264371
569,Sound of Metal,2020,Bert Hamelinck and Sacha Ben Harroche,Nominee,647357e9-c067-46bd-aaeb-24d4344ec124
570,The Trial of the Chicago 7,2020,Marc Platt and Stuart M. Besser,Nominee,cecbca48-f19c-43f4-81d2-da130facda95
